"radius_mean","texture_mean","smoothness_mean","compactness_mean","texture_se","class"
1.09609952943172,-2.07151230224443,1.56708745747865,3.28062806412469,-0.564768122656741,1
1.82821197373436,-0.35332152255009,-0.826235446757045,-0.486643477616134,-0.875473278864705,1
1.57849920203424,0.455785908212602,0.941382123037947,1.05199989533249,-0.77939758878873,1
-0.768233322920375,0.253509050521929,3.28066683929922,3.39991742235231,-0.110311981108687,1
1.74875791001159,-1.15080384654895,0.280125349140384,0.538866306766068,-0.789548982457135,1
-0.475955874225908,-0.834600942572726,2.23545451926759,1.24324156487201,-0.592140630584048,1
1.16987830288857,0.160508196411275,-0.123027974300388,0.0882176201283941,-0.804232248298935,1
-0.118412587473451,0.358135011396414,1.60263889693551,1.13910006165742,0.290305519019434,1
-0.319885391913328,0.588312125320284,2.19990307981073,1.68252936024991,-0.389475306989821,1
-0.473118229092951,1.10446686563441,1.58130803326139,2.56110495100571,0.692735768016914,1
0.537083438239384,0.918465157413106,-1.01679116224581,-0.712914561873285,-0.0541167661585885,2
0.46897995504844,-0.325421266316893,0.0525961366164914,0.470700959207428,-0.420473312655843,1
1.43094165512052,1.28116848844466,0.0739270002906059,2.6785008273567,4.26203829178285,1
0.488843470979132,1.08354167345952,-0.878140548364058,-0.0784087850149474,-0.251706392918612,1
-0.11273729720754,0.771988812188826,1.19024219923595,2.36607631771294,-0.0867462458070328,1
0.117111958561896,1.91822433910264,1.24712450236693,1.04442596782598,-0.333280092039723,1
0.15683899042328,0.19538351670277,0.164227656511025,-0.612370674224292,0.0419589239173862,2
0.5682975347019,0.323259691104919,1.46754342699945,1.85294272914651,-0.260770137265402,1
1.61255094362971,0.665037829961573,0.138630620102088,-0.0310717380992254,-0.362284073949451,1
-0.166652554733704,-1.14615380384342,0.101657123066955,-0.436466207885469,-0.776315915710822,2
-0.29718423084968,-0.832275921219959,0.792066077319142,0.429044357921593,-0.850457344467565,2
-1.31192613039474,-1.59255790357456,0.429441394859189,-0.746429191089616,-0.435156578497643,2
0.344123569198376,-1.16940401737108,0.777845501536399,2.06690618120557,-0.919523076390105,1
1.99563303657877,0.871964730357779,-0.147913981920189,-0.0405391474823698,-0.16288169832007,1
0.715855081615611,0.486011185798564,1.11913932032224,0.783125468851193,-0.57129401858643,1
0.854899693130456,-0.671849447879081,1.58130803326139,2.33388712581025,-0.43660677759313,1
0.12846253909372,0.52088650609006,0.642750031600337,1.56134652014566,-0.423554985733752,1
1.27203352767499,0.223283772935966,-0.139381636450544,0.042774055089301,1.14592298535642,1
0.332772988666552,1.39044449202468,0.841838092558744,1.23756111924212,-0.371347818296241,1
0.976918433847564,-0.985727330502538,0.150007080728283,0.215080905862529,-0.714863729039585,1
1.2777088179409,1.35324415038041,0.713852910514054,1.59732267580161,0.451640168392298,1
-0.649052227336223,-0.137094536742819,1.03381586562578,0.894840899572298,-0.338718338647797,1
0.820847951534984,1.09051673751782,1.65952120006648,0.85697126203972,0.328373245275952,1
1.45931810645008,1.66944705435664,-0.167111759226893,1.27921772052796,-1.10696130948172,1
0.5682975347019,-0.32774628766966,0.543206001121134,0.976260620267339,-0.962847774367762,1
0.741393887812215,0.534836634206658,-0.0185067422972252,0.554014161779099,-0.538664538937986,1
0.0348202497061722,0.56506191179262,0.13294238978899,0.103365475141425,-0.358658576210735,2
-0.31137245651446,-0.202195134620276,-0.464321793086228,-1.26259235065865,2.03960817794992,1
0.244805989544916,1.37416934255531,-0.177066162274814,-1.00413207449881,1.76044485206878,1
-0.18367842553144,0.355809990043648,0.372559091728215,0.400642129772159,-1.13378999274822,2
-0.195029006063264,0.532511612853891,-1.04807642896784,-0.833718705602208,-0.707612733562153,2
-0.901602644169307,0.479036121740266,1.87282983680763,0.330583300336891,0.382755711356693,2
1.40256520379096,1.28349350979742,-0.394640971750786,2.17104768442016,0.814189942263901,1
-0.24043132819056,0.230258836994265,0.550316289012506,0.743362349441987,-0.710513131753126,1
-0.271645424653076,0.585987103967517,0.0554402517730399,0.00679789943335229,-1.09590354137864,2
1.28338410820681,-0.392846885547118,0.962712986712062,1.21673281859921,-1.00345334904138,1
-1.68309011378539,-0.569548508357361,-0.736645819325762,-0.850381346116542,-0.47159283077174,2
-0.271645424653076,-0.146394622153884,1.38221997230299,0.355198564733066,-0.585796009541294,2
-0.589461679544147,-1.08337822731873,0.47921341009879,-0.254123903166108,-0.883630648776816,2
-0.180840780398484,0.699913150253069,-0.628569443376913,-0.518075276768173,0.246799546154842,2
-0.671753388399871,0.537161655559424,-0.710337754127687,-1.03537452546318,-0.0124235421633543,2
-0.138276103404144,-0.685799575995679,-1.38723716138627,-0.828416956347647,-0.531957368121361,2
-0.620675776006663,-0.244045518970072,-0.977684578843261,-1.0760843858107,-1.05856091466986,2
1.1613653674897,-0.137094536742819,1.31111709338927,0.836142961396802,0.681859274800765,1
0.276020086007432,0.634812552375611,-0.412416691479215,-0.634903108556175,-0.694198391928904,2
-0.739856871590815,-0.125469429978987,-0.0796552181630213,-0.939374994318099,-0.46724223348528,2
1.44229223565235,-0.167319814328781,0.635639743708966,0.423363912291706,-0.0432402729424404,1
0.165351925822148,0.534836634206658,1.23290392658418,0.608925136201337,-0.121188474324835,2
-0.305697166248547,0.0047317657759285,-1.12060136545983,-1.2582373423424,-0.00517254668592225,2
-1.56334148917465,-1.74368429150437,0.0824593457602516,-0.97743398003834,-1.15518042940665,2
-1.12293896453988,-1.02525269349957,1.21157306291007,-0.449341884646545,0.406321446658347,2
-1.56901677944056,0.39301033168791,1.98659444306958,-0.27854981937462,1.54110223887647,2
0.0348202497061722,0.665037829961573,0.607198592143479,1.82643398287371,0.0927158922594107,1
-1.40585218429559,-1.26240487148173,-1.36164012497733,-0.318691635159152,1.90002651500935,1
-0.41069003616792,1.05796643857909,1.12624960821361,0.413896502908562,-0.0704315059828109,2
0.18521544175284,1.08121665210675,1.48176400278219,0.824782070137029,0.116281627561065,1
-1.32299294641327,0.39998539574621,0.571647152686622,-0.503874162693457,1.43958830219242,2
-0.799447419382891,-0.058043810748763,-1.06443009111799,-1.08555179519385,-0.49660876516888,2
-1.44671427421015,-0.45562246207181,0.728073486296797,0.699812266279523,-0.0414275240730826,1
-0.38231358483836,-0.650924255704184,0.138630620102088,-0.98462921116953,-0.622957361363134,2
1.36567581706254,0.4697360363292,-0.445835044568661,-0.0272847743459675,-0.760182450773536,1
-1.48672507058483,-1.08105320596596,0.104501238223504,0.923243127721731,-0.661025087619652,1
0.871925563928192,1.2160678905672,0.763624925753656,1.48939420883377,-0.318778101084859,1
-0.0928737812768475,-0.813675750397828,0.30856650070587,0.447979176687882,-1.0810390006499,2
-0.515682906087291,-0.643949191645884,-0.329937351939304,-0.682618851847223,-0.347782082994587,2
0.551271663904164,0.0837824917699845,-0.332781467095852,-0.380608492524917,-0.364096822818809,2
-0.16949019986666,-1.94131110648951,2.32788826185542,0.00679789943335229,-0.367722320557525,2
1.11312540022945,-0.72997498169824,0.720963198405426,2.08773448184849,-1.20793142150497,1
1.71754381354908,1.08819171616505,2.29233682239856,4.56440877647907,1.21118194465331,1
-0.359612423774712,-0.299846031436464,0.211866585383216,-0.168159825967156,-0.220889662139526,2
-0.759720387521508,0.390685310335143,0.984043850386177,-0.202999892497128,1.73506636789777,1
-0.223405457392824,-0.797400600928464,0.813396940993258,0.930817055228246,-0.364096822818809,1
3.1477169605589,1.30674372332509,0.706742622622683,3.07045157581888,0.466142159347162,1
1.41107813918983,1.62759667000684,1.78750638211117,1.41554841564524,3.06924953574527,1
-0.603649905208927,-0.846226049336557,0.0618395108752739,-0.618997860792493,0.0691501569577562,2
1.22946885068065,-0.178944921092613,0.169204858034986,0.0181587906931256,0.46795490821652,1
0.10008608776416,0.504611356620695,-0.136537521293995,-0.0922312027143382,1.81845281588824,1
1.38837697812618,1.23234304003656,-0.431614468785919,0.307861517817344,-1.00290952438057,1
-0.501494680422512,0.583662082614751,-0.614348867594169,-0.187283992921108,0.516899127689186,2
0.145488409891456,-0.941551924799978,1.19735248712733,0.559694607408985,-0.869491207595824,2
0.139813119625544,1.09981682292888,-0.470721052188462,-0.346147122370271,-0.191885680229798,2
0.352636504597244,0.806864132480322,-0.310028545843463,-0.0140304012095655,-0.680784050295654,2
-0.243268973323516,-1.05315294973276,-1.62187666180153,-1.01852253676119,-0.115750227716761,2
-0.192191360930308,-0.230095390853473,0.415220819076445,-0.429649673129605,0.283054523542002,2
0.264669505475608,0.125632876119779,0.536095713229763,0.964899729007566,-0.457634664477683,1
1.74024497461273,0.869639709005013,-0.396774058118197,0.510464078616635,0.529588369774692,1
-0.55257229281572,-0.337046373080725,0.578757440577992,-0.639447465060085,0.533213867513408,2
-1.23162077313209,0.151208111000209,0.429441394859189,-0.971942882596116,1.49759626601187,2
-0.717155710527167,-1.4995570494639,-0.464321793086228,-0.550832513233853,-1.22859675861565,2
0.0830602169664242,0.111682748003181,0.0824593457602516,0.184785195836467,1.14954848309513,1
-0.146789038803012,1.32301887279445,-0.105252254571959,-0.364135200198245,0.132596367385287,2
-2.02786399743954,-1.36238078965069,1.46754342699945,-0.542690541164349,0.527775620905334,2
-0.55257229281572,0.286059349460658,-1.15401971854928,-1.21108964361434,0.641978799674889,2
-1.20636573144878,0.0256569579508257,0.294345924923127,-0.13956824963006,0.00932944426894188,2
-1.03213432028528,8.17230703958861e-05,0.25097316878576,-0.351448871624832,0.574907091508643,2
-0.288671295450812,-0.867151241511454,3.08868906623219,1.36631788685289,-0.531232268573618,2
-0.705805129995343,-0.223120326795174,1.26845536604104,-0.0500065568655142,0.797875202439679,2
-0.501494680422512,-0.174294878387081,-0.824102360389633,-0.685269726474504,-0.584527085332744,2
2.31061164633688,0.088432534475518,2.57674833805343,3.26548020911166,0.594847329071581,1
-0.790934483984023,0.458110929565368,-0.623592241852953,-0.730713291513597,-0.418298014012614,2
-1.23445841826505,-0.534673188065866,0.52187513744702,-0.384395456278174,0.375504715879261,2
-0.424878261832699,0.341859861927051,0.211155556594079,0.313541963447231,1.06253653736595,1
0.0376578948391282,0.0837824917699845,-1.27916078543742,2.2524674051152,0.49514614125689,1
-1.02645903001937,0.209333644819368,1.12624960821361,0.491529259850346,1.16586322291936,1
-1.53269492173872,-0.804375664986763,1.32533766917202,-0.422833138373741,-1.14285373709501,2
-0.623513421139619,0.52088650609006,0.0938358063864467,-0.489483700431077,-0.533226292329912,2
-1.46913167076051,-0.820650814456127,-0.123739003089526,0.377920347252613,-0.431349805871992,1
0.210754247949444,-0.609073871354389,1.41066112386848,1.14667398916394,-0.485732271952732,1
0.46897995504844,0.841739452771817,1.36088910862887,1.34170262245671,-0.26258288613476,1
1.08474894889989,0.167483260469574,-0.877429519574921,-0.702879107927152,-0.00517254668592225,1
-0.771070968053331,-1.96921136272271,-0.187020565322734,-0.709884990870679,-1.37071626997332,2
1.28622175333977,-0.504447910479903,0.642750031600337,0.107152438894683,0.660106288368469,1
2.87246538266217,0.211658666172134,3.43709317290939,3.45293491489792,3.44992679831046,1
0.105761378030072,-1.95293621325334,0.976933562494805,0.105258957018054,-0.652323893046734,2
-0.214892521993956,-0.674174469231847,-1.79252357119445,-0.588702150766431,-0.139315963018416,2
-0.0786855556120678,-0.483522718305006,-0.605105493335387,-0.813837145897605,-0.653955367029156,2
-0.146789038803012,1.25559325356423,-0.268788876073508,-0.48702217399146,-0.384037060381748,2
1.38270168786027,-0.0882690883347254,-1.0089698455653,-0.45559037483942,0.226859308591904,1
0.276020086007432,-0.674174469231847,1.32533766917202,1.4458441256713,-0.269833881612192,1
1.60687565336379,1.35556917173318,0.365448803836844,1.03306507656621,-0.0323637797262923,1
-0.549734647682764,-1.39493108858942,0.728073486296797,-0.175165708910683,-0.726102772029605,2
0.378175310793848,0.0442571287729569,0.912940971472461,0.340050709720035,-0.781210337658088,2
0.576810470100768,0.523211527442826,0.315676788597242,0.455553104194397,0.0872776456513364,1
0.449116439117748,-1.24612972201237,-0.123739003089526,-0.184065073730839,-0.727552971125091,2
1.22663120554769,0.609237317495181,-0.146491924341916,-0.137296071378106,-0.0269255331182185,1
-0.385151229971316,0.739438513250097,-0.413127720268352,-0.884842716271188,0.295743765627508,2
-0.685941614064651,-0.609073871354389,0.621419167926223,-0.821600421591783,2.34052449026335,1
-0.765395677787419,-0.906676604508482,0.00211309258775251,-0.67125796058745,-0.404339847718557,2
0.233455409013092,-0.399821949605417,1.44621256332533,0.495316223603604,0.426261684221285,1
-0.807960354781759,-1.37168087506175,1.42488169965122,0.175317786453323,0.228672057461262,2
-1.24552523428357,-1.70183390715458,-0.274477106386605,-1.19897135960392,-1.30672623488498,2
0.562622244435988,-0.288220924672632,0.0604174532970001,0.177211268329951,0.208731819898324,1
-0.765395677787419,-0.460272504777343,0.912940971472461,-0.17952071722693,1.25287516864854,2
-0.348261843242887,-0.783450472811866,-0.6818966025622,-0.175165708910683,-0.807857746037651,2
-0.958355546828427,-1.00432750132467,-1.31044605215945,-1.0026172889975,0.0401461750480284,2
-0.632026356538487,-1.07872818461319,1.33955824495476,0.478274886713943,-1.02067446330028,2
-0.660402807868047,-0.629999063529287,0.905830683581089,1.24324156487201,0.379130213617977,1
0.233455409013092,-0.120819387273454,-1.06514111990713,0.234015724628818,1.2546879175179,1
0.088735507232336,-0.955502052916576,0.237463621792154,-0.0424326293589987,-0.865503160083236,2
-0.109899652074584,-0.320771223611361,-1.20308070499974,-0.768393580858512,-0.832873680434792,2
-0.319885391913328,0.346509904632583,1.21868335080144,-0.538714229223428,0.190604331204744,2
-1.67656352997959,0.327909733810452,-0.164267644070345,0.495316223603604,1.35076360759387,1
-1.24751158587664,-0.918301711272314,0.770735213645028,1.05199989533249,2.6233133138832,1
-0.844849741510187,-1.44375653699751,0.0838814033385263,-1.00754034187674,-0.789186432683264,2
-0.277320714918987,-0.918301711272314,-0.179199248642224,-0.366596726637863,-0.768883645346454,2
-0.532708776885027,-0.313796159553062,-0.698250264712355,-0.711021079996656,-0.425186459716174,2
1.00813253031008,0.337209819221517,1.07647759297401,1.17696969919,0.331998743014668,1
0.769770339141776,0.0396070860674243,-1.55788407077919,-0.608015665908045,1.52841299679096,1
-0.586624034411191,-1.52280726299157,-0.231104350249238,-0.98330377385589,-0.885262122759239,2
-0.915790869834087,-1.47165679323071,-1.50811205553959,-1.27168106366647,-0.82562268495736,2
-0.674591033532827,0.207008623466602,0.891610107798345,0.184785195836467,0.863134161736567,2
1.43661694538644,-0.778800430106333,-0.669809113146868,0.268098398408138,-1.05729199046131,1
1.55012275070468,-0.264970711144969,1.11202903243087,1.17886318106663,-0.306088858999353,1
-0.507169970688424,0.681312979430938,0.344117940162728,-0.0537935206187718,0.79606245357032,2
2.59437615963248,0.639462595081144,-0.851121454376845,0.192359123342983,-0.653955367029156,1
0.239130699279004,0.109357726650415,-0.863919972581315,-0.962286125025309,-0.275272128220267,2
-0.944167321163647,-2.22728873287977,-0.0298832029234203,-0.88957642096276,-1.46914853357946,2
0.75274446834404,-0.113844323215155,-0.548223190204413,-0.237082566276448,0.315684003190447,1
0.948541982518003,1.25326823221146,0.607198592143479,1.05957382283901,0.350126231708249,1
0.239130699279004,-0.543973273476931,0.15569531104138,-0.482667165675213,0.000265699922151998,2
-0.512845260954335,-1.60418301033839,0.457882546424675,-0.653837927322464,-0.999284026641858,2
-0.19786665119622,0.0791324490644519,-0.418104921792312,-0.785056221372846,-0.126626720932909,2
0.378175310793848,-1.72043407797671,2.08613847354878,0.968686692760824,-1.01251709338817,1
-0.864713257440879,-1.06477805649659,0.301456212814498,-0.88825098364912,1.06616203510466,2
-0.983894353025031,-0.962477116974875,-0.600128291811426,-1.16110172207134,1.28369189942763,1
-1.54830196996998,-1.12522861166852,-0.354112330769967,-1.16602477495058,-0.778672489240987,2
-1.1984203250765,-0.285895903319866,0.0447748199359826,0.474487922960686,1.89277551953192,1
0.661939824089448,0.190733473997237,0.138630620102088,0.970580174637452,0.121719874169139,1
-0.317047746780372,0.681312979430938,-2.40685244500896,-1.60872083770641,-0.135690465279699,2
-0.373800649439491,-1.44840657970304,-0.637812817635696,-1.26107756515735,-0.411409568309053,2
3.7152459871501,0.599937232084116,0.927161547255203,1.64844668647059,0.478831401432668,1
1.97576952064807,1.6926972678843,1.26134507814967,3.3866630492159,-0.822903561653323,1
0.446278793984792,0.237233901052564,-0.0277501165560087,-0.309602922151334,-0.121188474324835,2
-0.771070968053331,-1.0159526080885,-0.410283605111803,-0.431543155006234,-0.197323926837872,2
0.32709769840064,0.725488385133499,-0.411705662690078,0.0162653088164967,-1.30745133443272,1
-1.14847777073648,-0.97177720238594,-0.262389616971273,-1.08668788431983,0.0927158922594107,2
1.18690417368631,-0.164994792976016,-0.745178164795408,-0.37227717226775,-1.34352503693294,1
-0.685941614064651,-0.488172761010538,0.098101979121269,-0.81289040495929,-0.818190414592992,2
-0.657565162735091,-0.441672333955211,0.30856650070587,-0.922523005616102,1.28550464829698,1
-0.518520551220247,-0.788100515517398,-1.10638078967709,-0.602335220278159,-0.691297993737931,2
0.0263073143073044,0.89056490117991,0.792066077319142,2.5932941429084,1.61905044025886,1
-0.385151229971316,0.492986249856863,-0.630702529744325,-0.725790238634362,0.962835349551258,2
-1.25063299552289,-0.248695561675604,-1.90984332140208,-1.53184547351528,6.64942855272735,1
-0.507169970688424,1.76012288711453,0.500544273772905,0.58620335368179,1.0734130305821,1
0.207916602816488,0.911490093354807,0.571647152686622,1.7734164903281,-0.46162271199027,1
-0.345424198109931,-0.688124597348445,-1.20521379136715,-0.959635250398029,-0.55878605138786,2
-0.101386716675716,0.697588128900302,1.6808520637406,0.423363912291706,1.62267593799758,1
1.12163833562832,0.592962168025817,-1.61050020117534,-0.339330587614407,0.159787600425657,1
1.43377930025348,0.744088555955629,-0.791395036089324,0.728214494428956,-0.260770137265402,1
0.091573152365292,0.216308708877667,0.167782800456712,0.307861517817344,-1.02593143502142,2
-0.538384067150939,0.0628572995950874,-0.0355714332365174,-0.44441883176731,0.197855326682176,2
0.968405498448695,0.00705678712869522,-0.474987224923286,0.292713662804313,-0.704531060484244,1
2.60005144989839,1.71594748141197,1.26134507814967,1.9703386054975,0.622038562111951,1
-0.0900361361438916,1.03704124640419,2.55541747437931,1.37199833248278,1.29275564377442,1
-0.470280583959995,-0.160344750270482,0.233908477846468,0.02762620007627,-0.313339854476785,2
0.281695376273344,-0.606748850001623,-0.540401873523904,-0.160207202085315,-1.54945330849202,2
-1.20636573144878,-0.469572590188408,0.891610107798345,-0.606311532219079,0.226859308591904,2
0.818010306402028,0.225608794288733,-0.614348867594169,-0.592678462707351,-0.655224291237706,1
-0.288671295450812,0.755713662719461,0.273015061249012,0.832355997643544,-0.533951391877655,1
0.324260053267684,-1.48328189999454,-1.0338558531851,-0.796038416257293,-1.54818438428346,2
1.83104961886732,0.662712808608807,-0.388241712648552,0.576735944298645,0.47701865256331,1
-0.649052227336223,-0.0812940242764261,-0.54395701746959,-0.669175130523158,-0.637459352317998,2
3.96779640398319,-0.190570027856445,1.26845536604104,0.894840899572298,0.469767657085878,1
0.934353756853224,1.4578701112549,0.301456212814498,0.194252605219611,0.816002691133259,1
0.0177943789084361,1.05099137452079,-0.123027974300388,0.497209705480232,1.13867198987899,1
-0.0758479104791119,-0.548623316182464,0.443661970641931,0.896734381448926,-0.0414275240730826,1
-0.634864001671443,-0.218470284089641,-0.194130853214105,0.209400460232643,0.627476808720025,1
-1.11442602914101,-0.420747141780314,-1.12486753819465,-0.857197880872406,1.27825365281955,1
1.60971329849675,0.527861570148358,-0.179910277431362,0.497209705480232,-0.0559295150279467,1
1.53309687990694,3.06445986601645,-0.864631001370452,0.163956895193549,0.188791582335385,1
-0.135438458271188,-1.42515636617538,0.0070902941117127,-0.326265562665668,-1.41984176433292,2
-0.160977264467792,-1.25310478607067,0.621419167926223,0.28135277154454,-1.30291946225933,2
-1.12010131940692,-0.409122035016482,0.692522046839939,-0.365839333887212,0.000265699922151998,2
0.460467019649572,0.223283772935966,0.436551682750559,0.304074554064086,-0.536489240294756,2
-0.243268973323516,-0.527698124007567,-0.846855281642023,-1.03007277620862,-0.591234256149368,2
0.0603590559027762,-1.35308070423962,0.191957779287375,-0.532087042655227,-0.733716317280908,2
-1.04632254595006,-0.890401455039118,0.635639743708966,-0.513530920264264,-0.569481269717072,2
0.247643634677872,-0.878776348275286,-0.899471412038172,0.0995785113881675,-1.30563858556336,2
-0.427715906965656,1.08819171616505,-1.23223288535437,-0.550075120483202,-0.273459379350908,2
-0.36812535917358,0.706888214311368,0.884499819906973,1.43069627065827,-0.268021132742835,1
0.829360886933852,-0.0487437253376978,1.26134507814967,1.00087588466351,-0.97499319179246,1
-0.796609774249935,1.81127335687539,-1.95748225027427,-1.25369298583849,-0.587608758410652,1
-0.824986225579495,3.37601272728714,-1.31968942641824,-1.29894720268992,0.779747713746098,1
1.81118610293663,1.98099991562733,-0.339180726198086,0.057921910102332,-0.0504912684198725,1
-1.29404896605712,-0.785775494164632,-0.833345734648416,-1.20181158241886,-0.701086837632464,2
-0.0276079432188599,0.455785908212602,-0.402462288431294,-0.660654462078328,0.518711876558544,2
2.57735028883475,1.78569812199496,-0.0903206500000796,1.20915889109269,-0.459266138460105,1
1.80267316753776,0.504611356620695,-0.910847872664367,-0.394998954787296,-0.318778101084859,1
0.0263073143073044,1.9903000010384,-1.00470367283047,-0.00834995557967867,2.00697869830147,1
0.945704337385048,4.64779940725034,0.125121073108482,0.482061850467201,-0.653955367029156,1
-0.138276103404144,-0.857851156100389,-0.151469125865876,-0.720299141192138,-1.00726012166703,2
-0.484468809624775,-0.988052351855305,-1.21587922320421,-1.33321922465691,-0.983150561704571,2
-0.802285064515847,-0.255670625733903,-0.0313052605016941,0.533185861136181,0.770683969399308,1
-0.107062006941628,1.04169128910972,-1.13268885487516,-0.686784511975807,-0.289774119175131,2
1.49620749317851,0.978915712585032,0.450772258533303,0.97436713839071,1.06072378849659,1
-1.03497196541824,0.132607940178078,0.756514637862284,-0.845079596861981,2.52905037267658,1
-0.263132489254208,-0.432372248544146,-1.72142069228073,-1.11906642441018,0.69636126575563,2
-0.351099488375843,-1.20427933766258,-0.622881213063816,0.572948980545388,-1.40787762179515,1
-0.986731998157987,1.37881938526084,0.0149116107922214,-0.605932835843754,0.500584387864964,2
-0.739856871590815,-1.01362758673573,0.3512282280541,-0.497246976125256,-0.324216347692933,2
1.93320484365374,0.992865840701629,0.30856650070587,1.0652542684689,-0.717945402117494,1
-0.745532161856727,-0.195220070561978,-0.206929371418574,-0.841292633108723,-0.677883652104682,2
1.58984978256606,0.123307854767013,0.699632334731311,1.52537036448971,-0.791905555987301,1
0.900302015257752,-0.513747995890969,0.315676788597242,-0.00456299182642106,-0.652686442820605,1
1.51039571884329,0.00938180848146111,0.507654561664276,0.273778844038024,-1.0562043411397,1
-0.0474714591495515,-0.520723059949267,0.941382123037947,0.446085694811253,-0.737885639680432,2
1.53877217017285,2.2042019654929,-0.267366818495233,1.9305754860883,-0.0323637797262923,1
0.338448278932464,-0.469572590188408,2.64074092907577,2.34903498082328,-0.286148621436415,1
0.434928213452968,0.909165072002041,1.03381586562578,3.92062493842525,2.24263605131802,1
0.39803882672454,3.31788719346799,0.706742622622683,1.12773917039765,0.110843380952991,1
1.75443320027751,1.80662331416985,0.258794485466269,0.0844306563751363,-0.333280092039723,1
0.914490240922532,0.876614773063312,-0.692562034399257,-0.78467752499752,0.181540586857953,1
0.897464370124795,0.660387787256041,-0.452945332460033,0.434724803551479,0.754369229575086,1
0.420739987788188,0.0210069152452931,-1.27702769907001,-0.912298203482306,-0.395276103371767,2
0.869087918795236,0.646437659139443,0.0639725972426855,-0.272490677369408,-0.86749718383953,1
1.87361429586166,2.75058198339299,-0.118761801565566,0.188572159589725,0.725365247665358,1
-1.00092022382277,-0.0789690029236602,0.0369535032554729,0.19614608709624,-0.0359892774650083,1
-0.152464329068924,0.592962168025817,-1.1945483595301,-0.411850943489293,1.2673771596034,1
-0.356774778641756,-0.716024853581641,-0.150047068287601,-0.798121246321585,0.00389119766086803,2
-0.969706127360251,0.255834071874695,0.841838092558744,0.465020513577541,0.493333392387532,1
0.046170830237996,-0.574198551062894,-2.28028932054255,-1.46917122339886,-0.901033037922653,2
-0.805122709648804,-1.45305662240858,0.140763706469499,-0.535116613657833,-1.24636169753536,2
2.16305409942317,0.395335353040676,-0.167111759226893,1.73744033467215,0.244986797285484,1
-1.24439017623039,-0.841576006631024,-0.42592623847282,-1.0878239734458,0.348313482838891,2
1.07907365863398,1.20676780515613,-0.555333478095785,-0.645127910689971,0.391819455703483,1
-0.634864001671443,-0.448647398013511,1.85860926102489,-0.610477192347663,1.95078348335138,1
-0.793772129116979,-1.19265423089874,-0.182754392587911,-1.24252144276638,0.114468878691707,2
1.32878643033411,0.160508196411275,-0.506983520434457,-0.861552889188652,-0.704893610258116,1
-0.152464329068924,-0.337046373080725,-1.20023658984319,-1.20843876898706,-0.0921844924151071,2
-0.0786855556120678,-0.955502052916576,-0.0853434484761194,-0.519968758644802,-0.539027088711858,2
1.42810400998757,1.6996723319426,0.401000243293701,0.775551541344678,-0.39128805585918,1
-0.677428678665783,-1.22520452983747,-1.29622547637671,-1.15390649094015,0.0927158922594107,2
1.49620749317851,-0.257995647086669,0.52187513744702,0.75472324070176,-0.401983274188392,1
0.599511631164415,-0.120819387273454,0.728073486296797,1.43637671628816,-0.543015136224445,1
-0.351099488375843,-0.834600942572726,-1.29267033243102,-0.161721987586618,0.31205850545173,1
-0.439066487497479,-0.20684517732581,-0.883828778677155,-1.17738566621035,0.241361299546768,2
-0.620675776006663,0.341859861927051,-0.733090675380076,-0.0613674481252875,0.313871254321088,1
-0.351099488375843,-1.43445645158645,-1.9062881774564,-1.26959823360218,-1.35567045435764,2
-0.813635645047671,0.155858153705742,-1.14904251702532,0.260524470901622,1.24743692204047,1
-0.782421548585155,-0.092919131040258,-0.656299566153262,-1.02742190158134,1.37251659402617,1
0.0802225718334682,0.102382662592116,-0.625014299431227,1.19779799983292,1.00271582467713,1
0.236293054146048,-0.0440936826321643,-0.457922533983993,-0.115710377984536,-0.487363745935154,2
-0.334073617578108,-0.760200259284202,0.294345924923127,-0.471684970790766,-0.821634637444772,2
-0.646214582203267,-0.425397184485847,-0.898760383249035,-0.907375150603071,0.0383334261786702,2
-0.399339455636095,-1.28100504230387,0.0220218986835933,-0.386478286342466,-0.949433432734512,2
-0.101386716675716,-1.39958113129495,-0.311450603421737,-0.797742549946259,-0.946714309430475,2
-0.912953224701131,-1.61348309574945,-0.794950180035009,-1.08176483144059,-0.344156585255871,2
-0.671753388399871,-0.267295732497735,0.23604156421388,-0.855872443558766,1.60998669591207,1
0.0376578948391282,-0.260320668439435,-2.17576808853938,-0.98728008579681,-0.99312068048604,2
-1.02645903001937,0.883589837121611,0.365448803836844,-0.688677993852436,-0.133877716410341,2
1.53309687990694,-0.0905941096874921,1.32533766917202,1.13341961602754,-0.101248236761897,1
-0.473118229092951,0.139583004236378,-0.842589108907199,-0.0556870024954007,-0.320590849954217,2
1.69200500735248,1.06261648128462,0.827617516776,1.5045420638468,0.953771605204468,1
-1.03213432028528,-0.158019728917716,0.742294062079541,-0.711210428184319,0.627476808720025,2
-0.756882742388551,-0.262645689792202,-0.556755535674059,-0.518832669518825,-0.286148621436415,2
-0.717155710527167,1.2090928265089,-1.53726423589421,-0.898665133970579,1.03171980658686,1
-0.263132489254208,-0.806700686339529,-0.799927381558969,-0.981410291979261,-1.16623819750973,2
-1.45494344509573,-1.13685371843235,-1.87073673799954,-1.38566867263953,0.159787600425657,2
-0.178003135265528,-1.52978232704987,-1.60694505722965,-1.29137327518341,-0.961578850159211,2
-0.305697166248547,-1.26705491418727,-0.912980959031779,-1.2684621444762,-0.703987235823437,2
-0.688779259197608,-0.0417686612793984,-0.584485658450409,-0.981031595603935,0.386381209095409,2
0.136975474492588,-0.836925963925492,-1.43487609025846,-1.31011874576203,-0.553529079666722,2
-0.387988875104272,-1.37633091776729,-0.598706234233152,-0.470738229852452,-1.01052306963188,2
-0.734181581324904,-1.99246157625037,-0.738778905693173,-0.845458293237307,-1.5528975313438,2
-1.56930054395385,-0.160344750270482,0.78495578942777,-0.868558772132179,2.82815393612066,1
-0.464605293694083,-0.567223487004594,-0.799927381558969,-1.24971667389757,-0.909552957608636,2
-0.55257229281572,-1.21125440172087,-1.35239675071855,-1.36749124662389,-1.11892545201949,2
1.1613653674897,-0.0975691737457906,0.0781931730254292,0.139341630797374,-1.20829397127884,1
-1.44302533553731,-0.0905941096874921,0.23604156421388,1.75826863531507,1.25831341525661,1
-0.48163116449182,-0.532348166713099,-1.47824884639582,-1.32166898520947,1.78219783850108,1
-1.10023780347623,-0.72299991763994,0.692522046839939,0.127980739537601,0.460703912739088,2
1.71186852328317,0.0861075131227513,-1.14904251702532,-0.354099746252113,-0.961760125046147,1
-0.359612423774712,-1.38795602453112,1.21157306291007,-0.302975735583133,-0.316965352215501,2
1.76294613567638,0.516236463384527,1.46754342699945,1.57460089328207,-0.351407580733303,1
-0.546897002549808,-0.948526988858277,-0.684740717718749,-0.736393737143484,-0.742417511853827,2
-0.413527681300876,-0.462597526130108,0.457882546424675,-0.524513115148712,-0.482831873761759,2
-0.00490678215521191,-1.49025696405284,-0.232526407827512,-0.970996141657802,-0.246268146310538,2
-0.59513696981006,-0.316121180905828,-1.38865921896454,-1.23873447901313,-0.556792027631566,2
0.608024566563284,0.330234755163219,1.46043313910808,0.521824969876408,0.027456932962522,1
0.605186921430328,0.602262253436882,1.43199198754259,0.453659622317768,0.435325428568076,1
0.53992108337234,-0.878776348275286,-0.103119168204549,0.62028602746111,-0.8506386193545,1
-0.325560682179239,0.0140318511869945,-0.0405486347604776,0.154489485810405,-1.17910871448217,2
-0.824986225579495,0.132607940178078,0.642750031600337,-0.692086261230368,1.35801460307131,2
-0.816473290180627,-1.04850290702723,-0.945688283332089,-1.13156340479593,-0.400170525319034,2
-0.518520551220247,-0.0626938534542956,-0.940711081808128,-1.18003654083763,0.571281593769927,2
0.832198532066807,0.397660374393443,1.10491874453949,0.0238392363230122,1.65349266877666,1
-0.322723037046283,-1.17637908142938,-0.123739003089526,-0.0888229353364062,-1.04351509905419,2
1.31743584980228,0.497636292562396,-0.369754964130985,0.678983965636605,0.567656096031211,1
-1.15699070613535,-0.409122035016482,0.30856650070587,-0.588512802578768,1.44683929766985,1
2.66247964282343,1.15794235674804,0.749404349970912,0.453659622317768,-0.529963344365068,1
0.0830602169664242,-0.639299148940352,0.0817483169711147,0.180998232083209,-0.808945395359266,2
-1.28298215003859,-0.569548508357361,-0.821258245233085,-0.228372549643955,-0.49660876516888,1
-0.870388547706791,-1.00665252267744,0.493433985881533,-0.253177162227793,-0.714863729039585,2
1.57566155690128,0.555761826381555,0.114455641271424,0.559694607408985,1.93446874352715,1
-0.685941614064651,-0.892726476391884,1.32533766917202,-0.597033471023598,-0.8653218851963,2
-1.09740015834327,-1.06477805649659,0.174893088348084,-0.241437574592694,2.34233723913271,1
-0.586624034411191,-0.0905941096874921,-0.888805980201115,-0.878594226078312,-0.117562976586119,2
0.179540151486928,-1.0578029924383,-0.541112902313042,-0.502548725379817,-1.48419434919513,2
-0.754045097255595,-0.757875237931435,-0.398196115696472,-0.861174192813327,-0.825441410070424,2
-0.617838130873708,-1.00665252267744,1.38221997230299,0.307861517817344,-0.302463361260637,2
-0.700129839729431,-0.516073017243735,-1.47540473123928,-1.2883437041808,-0.986957334330223,2
0.460467019649572,-0.0161934263989687,1.98659444306958,2.50051353095359,0.19422982894346,1
3.29243686233966,-0.425397184485847,1.31822738128064,2.49862004907696,-0.663381661149818,1
0.27034479574152,1.49972049560469,0.429441394859189,-0.125935180118332,0.524150123166618,1
-0.847687386643143,-1.21357942307364,-1.67946999372164,-0.827470215409333,-0.738973289002047,2
-0.444741777763391,-0.0510687466904637,-0.622881213063816,-0.0102434374563076,0.473393154824594,1
-0.305697166248547,-0.162669771623249,0.841838092558744,0.493422741726974,0.53140111864405,1
-0.0730102653461559,-0.716024853581641,-0.634968702479148,-0.935777378752505,0.264927034848422,2
-1.48956271571779,-0.883426390980819,-0.954931657590871,-0.518075276768173,-0.0305510308569345,1
-1.33122211729885,-0.22544534814794,0.322787076488614,-0.847919819676925,0.0546481660028925,2
-0.450417068029304,-0.283570881967099,-1.56428332988142,-1.47390492809043,-0.478843826249172,2
-0.234756037924647,0.530186591501125,-0.749444337530231,-0.7689616254215,0.583970835855433,2
-0.387988875104272,-0.10454423780409,0.0284211577858273,-0.4699808371018,0.123532623038497,2
0.673290404621272,-0.23242041220624,0.0355314456771991,-0.37227717226775,0.402695948919631,1
-0.206379586595088,-0.543973273476931,-1.2080579065237,-0.897150348469275,-1.0957222664917,2
1.79132258700594,0.579012039909219,-0.345579985300321,0.165850377070178,-0.543921510659124,1
1.72321910381499,1.75314782305623,0.191246750498238,1.18454362669652,1.22387118673881,1
-0.544059357416851,-0.295195988730931,-0.287986653380211,-0.617104378915864,-0.794443404404402,2
2.15170351889135,-0.47422263289394,-0.179199248642224,-0.354478442627438,-0.300650612391279,1
2.23683287288003,0.606912296142414,0.706742622622683,1.72418596153575,-0.937106740422878,1
0.630725727626932,0.930090264176938,0.0753490578688807,0.858864743916349,-0.353220329602661,1
0.301558892204036,-1.41353125941155,-1.18957115800614,-0.66273729214262,-1.45809076547637,2
2.05522358437084,-0.974102223738707,0.26590477335764,0.892947417695668,0.167038595903089,1
1.84807548966506,-0.450972419366276,-0.13511546371572,0.0617088738555898,-1.01396729248366,1
-0.124087877739364,-0.74857515252037,-0.948532398488637,-0.768772277233837,-1.28751109686978,2
0.579648115233724,-0.74857515252037,0.173471030769809,0.747149313195245,-1.31941547697048,1
-1.00943315922164,0.216308708877667,-0.400329202063883,1.16750228980686,0.0256441840931642,1
-0.189353715797351,2.07400076973799,-1.50668999796131,-1.08081809050228,-0.121188474324835,1
-0.132600813138232,-0.962477116974875,-0.9727073773193,-0.546477504917607,-1.22388361155532,2
-0.864713257440879,-0.106869259156857,1.79461667000254,2.10288233686152,-0.344156585255871,1
-0.810797999914715,-1.47165679323071,1.94393271572135,0.127980739537601,-0.418841838673421,2
-0.876063837972703,-1.01362758673573,-1.17250646706684,-0.635281804931501,-0.336905589778439,2
-0.589461679544147,0.797564047069256,-1.92050875323914,0.0560284282257033,0.393632204572841,1
-0.492981745023643,-0.420747141780314,0.557426576903878,0.480168368590573,-0.623319911137005,2
-0.24043132819056,-1.29495517042046,-0.90515964235127,-0.35201691618782,-1.24364257423132,2
0.134137829359632,0.930090264176938,-0.678341458616515,-0.719163052066161,0.743492736358938,2
-0.544059357416851,-1.20892938036811,-1.08647198358125,-0.494406753310313,-0.699636638536978,2
-0.0701726202131995,-0.727649960345473,-1.85580513342766,-1.06093653079767,-1.07868242711974,2
-0.810797999914715,-0.881101369628053,-0.903737584772995,0.133661185167487,-0.271646630481551,1
1.53877217017285,0.911490093354807,0.329897364379986,0.519931487999779,2.93510611941278,1
-1.09740015834327,-1.64370837333542,0.25595037030972,-0.547613594043584,-1.21300711833917,2
-1.53042480563236,-0.569548508357361,0.536095713229763,-0.569199287437153,1.56285522530876,1
0.386688246192716,0.158183175058508,1.39644054808573,0.981941065897226,0.206919071028966,1
2.12332706756179,0.695263107547537,1.44621256332533,1.97601905112739,-0.536489240294756,1
-0.575273453879367,-0.364946629313922,0.464992834316047,-0.128018010182624,0.788811458092888,2
-0.0190950078199916,-0.490497782363305,-1.13126679729689,-0.960581991336343,0.848632170781703,1
-0.175165490132572,-0.092919131040258,0.678301471057196,0.19614608709624,0.208731819898324,2
-0.376638294572447,-0.425397184485847,-1.13197782608603,-0.291425496135696,0.0872776456513364,2
-0.870388547706791,-1.0368778002634,-1.34741954919459,-1.07286546662044,-0.958497177081302,2
-0.660402807868047,-0.471897611541174,-0.390374799015962,-0.795659719881967,-0.139315963018416,2
1.07339836836807,0.402310417098975,1.89416070048175,2.90193168879891,-0.801513124994898,1
-0.623513421139619,-1.94828617054781,-0.543245988680454,-0.983114425668227,-0.311527105607427,2
-0.331235972445151,-0.23242041220624,-1.62472077695808,-0.480016291047933,0.148911107209509,2
-0.336911262711064,-0.725324938992706,0.172760001980672,-0.302597039207807,-0.565311947317549,2
-0.507169970688424,-1.0089775440302,-0.678341458616515,-1.11016705959002,-0.560236250483346,2
-0.904440289302263,-0.162669771623249,0.287235637031756,-0.563140145431941,0.953771605204468,2
0.571135179834856,-1.0299027362051,-0.100275053047999,-0.366028682074874,-1.05076609453163,2
-0.362450068907668,0.483686164445798,-1.48251501913065,-0.401058096792509,1.05347279301916,1
1.09609952943172,0.318609648399387,0.514764849555648,0.493422741726974,-0.622776086476198,1
-0.527033486619116,-0.318446202258594,-0.676208372249103,-0.739991352709078,1.02265606224007,2
-0.785259193718111,-0.399821949605417,-0.553200391728373,-0.969670704344162,0.612974817765161,2
-0.876063837972703,-0.571873529710128,0.806286653101886,-0.498004368875907,0.308433007713014,2
-1.34228893331737,0.555761826381555,-1.18530498527131,-0.829553045473624,-0.0631805105053788,2
0.244805989544916,0.655737744550508,-0.797083266402421,-0.0348587018524832,0.215982815375756,1
0.2845330214063,2.4460041861806,-0.935733880284168,-1.10372922120949,0.743492736358938,1
-0.634864001671443,0.437185737390471,0.0973909503321322,-0.438170341574435,-0.0251127842488602,2
-1.34001881721101,0.560411869087088,0.571647152686622,-0.809482137581358,3.01124157192582,1
0.389525891325672,0.416260545215573,1.11202903243087,0.998982402786886,-0.00698529555528007,1
-0.405014745902008,-1.65533348009925,-0.605105493335387,-0.878594226078312,-1.03535772914208,2
-0.842012096377231,0.492986249856863,0.386779667510958,-0.843754159548341,0.835942928696197,2
-0.725668645926035,-0.058043810748763,-0.775041373939169,-0.513530920264264,0.404508697788989,2
0.159676635556236,-1.23450461524854,0.47921341009879,1.50075510009354,0.533213867513408,1
-0.714318065394211,-0.760200259284202,0.884499819906973,0.235909206505447,-0.875473278864705,2
-0.132600813138232,-0.0371186185738658,-0.411705662690078,0.19614608709624,-0.583439436011129,2
-1.24439017623039,-0.0394436399266317,0.792066077319142,-0.39783917760224,0.9610226006819,2
-1.16266599640126,0.462760972270901,-1.08007272447901,-1.23494751525987,0.225046559722546,2
-1.03497196541824,-1.0020024799719,0.12796518826503,-0.0575804843720297,-0.16288169832007,2
-0.944167321163647,0.625512466964546,-0.593729032709191,-0.88825098364912,0.73261624314279,2
-0.850525031776099,-0.620698978118221,-1.05589774564835,-1.24971667389757,-0.452740242530416,2
-0.399339455636095,-0.376571736077753,-1.23721008687833,-1.11944512078551,-0.60410477312181,2
0.219267183348312,0.753388641366695,0.221109959641999,2.23731955010217,-0.619875688285225,1
-0.490144099890687,-0.374246714724987,0.642750031600337,0.516144524246521,0.44076367517615,1
1.71754381354908,0.0582072568895548,1.2044627750187,0.843716888903318,-0.39128805585918,1
1.33162407546706,0.623187445611779,0.386779667510958,0.654368701240429,1.29456839264377,1
0.207916602816488,-0.546298294829697,-0.506272491645321,-0.636228545869816,-0.994389604694591,2
-0.0417961688836396,0.076807427711686,0.685411758948567,0.169637340823436,-0.477756176927557,2
-0.356774778641756,0.0582072568895548,-0.355534388348242,-0.483045862050539,-0.811301968889432,2
-0.024770298085904,-0.769500344695267,-0.837611907383239,-0.859470059124361,-0.309714356738069,2
-0.0786855556120678,0.0721573850061534,-0.67691940103824,-0.777103597491004,0.835942928696197,2
-0.0304455883518159,-0.843901027983791,-1.18743807163872,-0.918925390050508,-1.01868043954399,2
-0.895927353903395,-0.485847739657772,-0.512671750747555,0.131767703290858,0.288492770150076,1
0.891789079858884,1.42531981231617,-0.92791256360366,0.124193775784343,0.837755677565555,1
-0.0985490715427599,-0.813675750397828,-0.582352572082997,-0.703636500677804,-1.32974814552582,2
-1.00943315922164,-0.22544534814794,-1.06229700475058,-1.13080601204528,2.40215795182152,1
1.10745010996354,-0.567223487004594,-0.489918829495166,0.357092046609695,-1.13524019184371,1
-0.606487550341883,1.30209368061956,0.472103122207418,-0.230266031520584,-0.0233000353795024,2
1.02799604624077,2.03215038538819,0.256661399098857,0.512357560493263,-0.25351914178797,1
0.190890732018752,-0.37889675743052,-0.324960150415344,-0.292372237074011,-1.07813860245893,2
0.11427431342894,0.0117068298342278,-0.887383922622841,-0.498761761626559,0.2486122950242,2
1.97860716578103,0.286059349460658,0.0341093880989244,0.249163579641849,0.261301537109706,1
-0.640539291937356,0.523211527442826,-2.14946002334131,0.0389870913360431,0.611162068895803,1
1.55012275070468,1.32766891549998,0.486323697990161,-0.106621664976718,0.286680021280718,1
-0.603649905208927,2.07865081244352,-0.85254351195512,-0.754381814971458,0.884887148168863,1
0.11427431342894,-1.23450461524854,0.962712986712062,-0.225721675016674,-0.898313914618616,2
-0.427715906965656,-0.497472846421604,-0.748733308741093,-0.947516966387604,-0.996021078677013,2
-0.212054876860999,2.65758112928234,-0.27803225033229,-0.569577983812479,1.28187915055827,1
-0.708642775128299,2.32510307583675,-0.198397025948928,-0.352206264375484,2.19187908297599,1
-0.260294844121251,1.38579444931914,-0.600839320600563,-0.990120308611753,0.241361299546768,1
-0.319885391913328,1.35789419308595,-0.900893469616447,-1.01511426938325,0.027456932962522,1
-1.24070123755755,2.07167574838522,-1.17463955343426,-1.09975290926857,0.852257668520419,1
0.837873822332719,1.82754850634475,0.186269548974278,0.126087257660972,-0.117562976586119,1
3.77199888980922,1.62294662730131,0.856058668341487,1.78856434534113,0.161600349295015,1
0.0773849267005123,1.79034816470049,-1.87784702589091,-0.986712041233822,-0.554072904327529,1
-0.717155710527167,-0.216145262736875,-0.802060467926381,-0.867043986630876,-0.818009139706056,2
-0.271645424653076,-0.248695561675604,-1.54295246620731,-0.840724588545735,-0.964116698576312,2
-0.251781908722384,0.19538351670277,-0.961330916693106,0.340050709720035,-0.731178468863807,1
-0.280158360051943,0.337209819221517,-0.683318660140475,0.0863241382517652,-0.776678465484694,2
-1.26538875021427,-0.2765958179088,-0.942133139386402,-0.947895662762929,0.172476842511163,2
0.985431369246432,0.939390349588003,-0.246746983610255,1.81886005536719,0.44982741952294,1
-0.711480420261256,-0.257995647086669,1.50309486645631,0.832355997643544,0.948333358596394,1
-1.26567251472756,-0.185919985150913,-0.490629858284303,-0.790736667002732,0.241361299546768,2
-0.592299324677104,2.05772562026862,-0.628569443376913,-0.839588499419758,2.58524558762668,1
0.224942473614224,-1.01362758673573,-1.09358227147262,-0.356939969067056,-1.42020431410679,2
-0.527033486619116,2.48320452782486,-1.37728275833835,-1.33227248371859,4.40524545246213,1
-0.921466160099999,-0.853201113394856,0.30856650070587,0.0484545007191875,-1.23059078237194,2
-0.36812535917358,-0.827625878514426,-0.42379315210541,-0.409957461612664,-1.32213460027452,2
0.020632024041392,0.288384370813424,-0.50129529012136,0.122300293907714,-0.360471325080093,2
-0.0644973299472876,-0.620698978118221,-1.99658883367682,-0.968534615218184,-1.16134377556246,2
-0.748369806989683,-1.09267831272979,0.585867728469364,-0.417720737306843,-0.0921844924151071,2
0.602349276297372,0.0512321928312563,0.443661970641931,1.60868356706139,-0.419023113560357,1
-0.558247583081631,-0.292870967378164,-0.390374799015962,-0.491566530495369,-0.0486785195505147,2
-0.0644973299472876,-0.0115433836934361,-1.1696623519103,-0.967209177904544,-0.526519121513287,2
-0.186516070664395,-1.21590444442641,0.763624925753656,0.211293942109271,-1.1666007472836,2
-0.121250232606408,-0.383546800136052,0.223243046009411,-0.469034096163485,-0.490626693899999,2
0.45479172938366,-1.86226038049545,0.56453686479525,0.48395533234383,-1.50413458675806,2
-0.475955874225908,-0.669524426526314,-0.0867655060543932,0.885373490189153,-0.0178617887714282,1
0.145488409891456,-0.567223487004594,-0.707493638971138,-0.707423464431062,-0.382224311512389,2
1.50755807371034,-0.109194280509623,0.891610107798345,0.766084131961534,0.346500733969533,1
-0.694454549463519,-0.725324938992706,1.16891133556184,-0.221745363075754,-0.113937478847403,2
0.727205662147436,0.211658666172134,-1.52091057374405,-0.629033314738626,-1.17638959117814,2
-0.532708776885027,0.732463449191798,-1.02674556529372,-0.991067049550068,-0.141128711887773,2
1.05637249757033,-1.40888121670601,-1.27844975664828,-0.798499942696911,-0.309714356738069,1
1.10177481969763,0.295359434871723,0.26590477335764,0.465020513577541,0.128970869646571,1
-0.473118229092951,-1.50188207081667,-1.6097891723862,-1.21014290267603,0.487895145779458,2
-0.274483069786032,0.29070939216619,-1.63609723758428,-0.976865935475351,0.464329410477804,2
0.210754247949444,0.213983687524901,-0.0348604044473805,-0.395566999350285,0.75980747618316,1
-0.419202971566787,-0.260320668439435,0.799176365210514,0.550227198025841,-1.05801709000906,2
-0.470280583959995,-0.460272504777343,-0.503428376488772,-0.53095095352925,-0.790092807117943,2
1.23798178607952,-0.411447056369249,0.344117940162728,0.51803800612315,-0.311527105607427,1
1.83388726400028,0.453460886859835,0.863168956232859,1.13720657978079,-0.00154704894720622,1
0.258994215209696,-0.592798721885025,0.175604117137221,0.607031654324707,-0.678971301426296,1
-0.0871984910109356,1.2090928265089,1.41066112386848,1.20726540921606,0.564030598292495,1
-0.450417068029304,-0.690449618701211,1.38221997230299,0.0787502107452497,-0.220889662139526,2
2.54329854723927,0.125632876119779,-0.209062457785985,0.438511767304737,-0.85498921664096,1
-1.37889455553251,-1.4925819854056,4.76671700859589,2.26382829637498,-0.224515159878242,1
-1.2631186341079,-1.42980640888091,2.07191789776604,2.19755643069297,0.313871254321088,1
-0.541221712283895,0.174458324527873,0.941382123037947,0.205613496479385,-0.763082848964508,2
-0.870388547706791,-0.504447910479903,1.63819033639237,0.0522414644724454,-0.338718338647797,2
0.616537501962152,-0.834600942572726,-0.148625010709326,-0.704772589803781,-1.35277005616667,2
0.378175310793848,1.08354167345952,1.55997716958728,1.56513348389892,1.34895085872452,1
-0.677428678665783,-1.06942809920213,-1.09287124268348,-0.146384784385924,-1.04260872461951,2
0.193728377151708,-1.06710307784936,-0.827657504335319,-1.02590711608004,-1.07614457870264,2
-0.206379586595088,0.286059349460658,1.01248500195166,0.80584725137074,-0.518905576261984,1
0.12846253909372,-1.30890529853706,0.139341648891225,-0.28707048781945,-1.07523820426796,2
0.261831860342652,-0.0510687466904637,-0.299363114006406,-0.347851256059237,-0.0341765285956505,2
-0.790934483984023,-0.158019728917716,0.607198592143479,-0.3664073784502,-0.374973316034957,2
1.18690417368631,0.300009477577255,0.742294062079541,0.387387756635757,-0.533588842103784,1
1.63525210469336,0.225608794288733,0.52187513744702,0.504783632986748,-0.622050986928455,1
-0.353937133508799,-0.248695561675604,1.80883724578529,1.16939577168349,-0.0867462458070328,1
-0.390826520237228,-0.60209880729609,1.14758047188772,0.139341630797374,-0.387662558120464,2
-1.37123291367352,-1.25310478607067,2.89671129316515,0.343837673473293,-0.157443451711996,2
2.9802958977145,0.537161655559424,0.472103122207418,2.01199520678334,-0.573650592116596,1
-0.813635645047671,0.125632876119779,-0.799927381558969,-1.14008407324076,-0.242642648571822,2
-0.118412587473451,-0.141744579448352,0.199068067178747,0.0503479825958165,0.0582736637416085,2
-1.21459490233435,-0.839250985278258,-0.102408139415411,-0.381555233463231,-0.00154704894720622,2
-1.57667842129954,-1.43910649429198,0.514764849555648,-0.530572257153924,-0.974449367131653,2
-0.189353715797351,-0.125469429978987,0.792066077319142,0.17910475020658,-1.10587366016011,2
-0.507169970688424,-1.63208326657159,-0.450101217303485,-0.781458605807251,-1.30727005954578,2
-0.0531467494154639,-1.42283134482261,2.02214588252644,-0.128586054745613,2.57074359667182,1
-0.583786389278235,-1.36005576829792,0.969823274603434,-0.269839802742127,-1.29222424393011,2
-0.674591033532827,-0.402146970958184,0.777845501536399,-0.136538678627454,1.25106241977918,1
-0.697292194596475,0.16980828182234,0.372559091728215,-0.185769207419805,-0.620600787832968,2
-0.12692552287232,-0.688124597348445,-0.255279329079901,-0.601956523902833,-1.33554894190777,2
1.7998355224048,0.320934669752154,-0.341313812565498,0.510464078616635,0.941082363118962,1
-0.898764999036351,-0.388196842841585,0.036242474466336,-0.129154099308601,0.663731786107185,2
1.82253668346845,0.365110075454714,0.585867728469364,1.31708735806054,-0.411047018535182,1
0.0404955399720841,0.758038684072228,0.528985425338392,0.209400460232643,1.14954848309513,1
-0.691616904330563,1.19746771974507,1.93682242782998,0.963006247130937,1.3797675895036,1
-1.81560814149443,1.44159496178554,-1.09358227147262,-1.05203716597752,0.444389172914866,1
-1.82639119299967,1.4299698550217,-0.688295861664435,0.294607144680942,0.475205903693952,1
-0.734181581324904,-1.12755363302129,0.247418024840074,0.145022076427261,0.999090326938418,1
0.0972484426312044,1.32534389414722,-0.568131996300254,0.353305082856437,-0.249893644049254,1
0.173864861221016,1.42531981231617,-0.96773017579534,-0.609719799597011,0.304807509974298,1
-0.260294844121251,2.03912544944649,-0.686162775297024,-0.673530138839405,0.689110270278198,1
-0.0730102653461559,0.327909733810452,-0.0412596635496145,-0.0481130749888853,-0.307901607868711,2
-0.143951393670056,0.91614013606034,-0.277321221543153,-0.69814540323558,0.215982815375756,2
-1.08037428754553,-0.683474554642912,-0.143647809185367,-1.03007277620862,-0.452921517417352,2
-1.09740015834327,-0.629999063529287,-0.539690844734767,-0.448395143708231,-0.351407580733303,2
-1.26113228251483,0.0117068298342278,-0.814147957341713,-1.02325624145276,0.264927034848422,2
-0.938492030897735,1.14399222863144,-1.02674556529372,-0.725600890446699,1.27100265734212,1
-0.927141450365911,0.509261399326228,-1.56783847382711,-1.17530283614606,0.157974851556299,2
-0.850525031776099,0.732463449191798,-0.0497920090192611,-0.424158575687381,0.453452917261656,2
-0.385151229971316,2.35765337477548,-0.967019147006203,-1.17397739883242,0.272178030325854,1
-1.36044986216829,0.61621238155348,-0.281587394277977,-0.914381033546598,1.20030545143716,2
-0.353937133508799,2.2390772857844,-1.07580655174419,-0.872913780448426,0.259488788240348,1
-1.0888872229444,1.934499488572,-0.430903439996781,-0.525649204274689,1.85289504440604,1
-1.12577660967283,0.0698323636533867,0.280125349140384,-0.554808825174774,1.5827954628717,1
-1.33491105597169,1.99727506509669,-1.07580655174419,-1.03442778452487,3.10006626652436,1
0.131300184226676,0.78826396165819,-0.826946475546182,0.542653270519326,-0.197323926837872,1
-0.742694516723771,1.07889163075398,-0.266655789706096,-0.0424326293589987,3.05837304252912,1
-0.0219326529529475,1.82754850634475,0.20831144143753,0.156382967687034,0.498771638995606,1
-0.830661515845407,2.34370324665888,-1.55503995562264,-1.30197677369253,4.85661992093227,1
0.310071827602904,2.63433091575468,0.600088304252108,1.97601905112739,-0.0214872865101442,1
1.92752955338782,1.34859410767488,0.962712986712062,2.25814785074509,-0.345969334125229,1
2.10913884189701,0.720838342427966,1.04092615351715,0.218867869615787,0.0709629058271145,1
1.7033555878843,2.08330085514905,0.102368151856092,-0.0178173649628231,2.25895079114224,1
0.701666855950832,2.04377549215202,-0.839744993750651,-0.0386456656057408,-0.257144639526686,1
1.83672490913323,2.33440316124782,1.52442573013042,3.26926717286491,0.685484772539482,1
-1.80681144158227,1.22071793327273,-3.10934888867648,-1.14974083081157,0.382755711356693,1
